M,d,A_star,rho_star
1,3.01,0.00474010845382472,0.00474010845382472
1,3.0327853881278535,0.012217519485194726,0.012217519485194726
1,3.0555707762557076,0.01958341242386313,0.01958341242386313
1,3.0783561643835613,0.02684026357493202,0.02684026357493202
1,3.1011415525114154,0.03399047646569436,0.03399047646569436
1,3.123926940639269,0.0410363844997757,0.0410363844997757
1,3.1467123287671233,0.047980253495968066,0.047980253495968066
1,3.169497716894977,0.05482428411755308,0.05482428411755308
1,3.192283105022831,0.061570614197589295,0.061570614197589295
1,3.2150684931506848,0.06822132096531247,0.06822132096531247
1,3.2378538812785385,0.0747784231785477,0.0747784231785477
1,3.2606392694063926,0.08124388316669912,0.08124388316669912
1,3.2834246575342463,0.0876196087886803,0.0876196087886803
1,3.3062100456621004,0.09390745530988613,0.09390745530988613
1,3.328995433789954,0.10010922720207953,0.10010922720207953
1,3.3517808219178082,0.10622667986986604,0.10622667986986604
1,3.374566210045662,0.11226152130722206,0.11226152130722206
1,3.3973515981735156,0.11821541368736925,0.11821541368736925
1,3.4201369863013698,0.12408997488908918,0.12408997488908918
1,3.4429223744292234,0.12988677996243575,0.12988677996243575
1,3.4657077625570776,0.13560736253662903,0.13560736253662903
1,3.4884931506849313,0.14125321617277475,0.14125321617277475
1,3.5112785388127854,0.14682579566390955,0.14682579566390955
1,3.534063926940639,0.15232651828476512,0.15232651828476512
1,3.556849315068493,0.15775676499348662,0.15775676499348662
1,3.579634703196347,0.16311788158746438,0.16311788158746438
1,3.602420091324201,0.16841117981529014,0.16841117981529014
1,3.6252054794520547,0.17363793844679112,0.17363793844679112
1,3.6479908675799084,0.1787994043029583,0.1787994043029583
1,3.6707762557077626,0.1838967932475141,0.1838967932475141
1,3.6935616438356162,0.18893129114178256,0.18893129114178256
1,3.71634703196347,0.19390405476443254,0.19390405476443254
1,3.739132420091324,0.19881621269759103,0.19881621269759103
1,3.761917808219178,0.20366886618075455,0.20366886618075455
1,3.784703196347032,0.2084630899338556,0.2084630899338556
1,3.8074885844748856,0.2131999329507782,0.2131999329507782
1,3.8302739726027397,0.2178804192645432,0.2178804192645432
1,3.8530593607305934,0.22250554868535516,0.22250554868535516
1,3.875844748858447,0.22707629751260755,0.22707629751260755
1,3.8986301369863012,0.23159361922192093,0.23159361922192093
1,3.9214155251141554,0.2360584451282345,0.2360584451282345
1,3.944200913242009,0.24047168502590527,0.24047168502590527
1,3.9669863013698627,0.24483422780675684,0.24483422780675684
1,3.989771689497717,0.24914694205694482,0.24914694205694482
1,4.012557077625571,0.2534106766334863,0.2534106766334863
1,4.035342465753424,0.2576262612212599,0.2576262612212599
1,4.058127853881278,0.26179450687123934,0.26179450687123934
1,4.0809132420091325,0.26591620652069603,0.26591620652069603
1,4.103698630136986,0.26999213549607376,0.26999213549607376
1,4.12648401826484,0.2740230519991992,0.2740230519991992
1,4.149269406392694,0.2780096975774758,0.2780096975774758
1,4.172054794520548,0.281952797578667,0.281952797578667
1,4.194840182648402,0.2858530615908609,0.2858530615908609
1,4.2176255707762556,0.28971118386817263,0.28971118386817263
1,4.24041095890411,0.29352784374272,0.29352784374272
1,4.263196347031963,0.2973037060233884,0.2973037060233884
1,4.285981735159817,0.3010394213818826,0.3010394213818826
1,4.308767123287671,0.3047356267265176,0.3047356267265176
1,4.331552511415525,0.3083929455642219,0.3083929455642219
1,4.3543378995433795,0.3120119883511708,0.3120119883511708
1,4.377123287671233,0.3155933528324689,0.3155933528324689
1,4.399908675799087,0.3191376243712783,0.3191376243712783
1,4.42269406392694,0.3226453762677727,0.3226453762677727
1,4.445479452054794,0.32611717006828217,0.32611717006828217
1,4.468264840182648,0.3295535558649803,0.3295535558649803
1,4.4910502283105025,0.3329550725864497,0.3329550725864497
1,4.513835616438357,0.33632224827944174,0.33632224827944174
1,4.53662100456621,0.33965560038215253,0.33965560038215253
1,4.559406392694064,0.3429556359893005,0.3429556359893005
1,4.582191780821917,0.34622285210929415,0.34622285210929415
1,4.604977168949771,0.34945773591376833,0.34945773591376833
1,4.6277625570776255,0.3526607649797496,0.3526607649797496
1,4.65054794520548,0.3558324075246953,0.3558324075246953
1,4.673333333333334,0.35897312263466735,0.35897312263466735
1,4.696118721461187,0.36208336048585404,0.36208336048585404
1,4.718904109589041,0.36516356255968124,0.36516356255968124
1,4.741689497716894,0.36821416185171485,0.36821416185171485
1,4.7644748858447485,0.371235583074578,0.371235583074578
1,4.787260273972603,0.3742282428550628,0.3742282428550628
1,4.810045662100457,0.37719254992564727,0.37719254992564727
1,4.832831050228311,0.3801289053105913,0.3801289053105913
1,4.855616438356164,0.38303770250679553,0.38303770250679553
1,4.878401826484018,0.3859193276595901,0.3859193276595901
1,4.9011872146118725,0.38877415973361856,0.38877415973361856
1,4.923972602739726,0.3916025706789784,0.3916025706789784
1,4.94675799086758,0.39440492559277446,0.39440492559277446
1,4.969543378995434,0.3971815828762196,0.3971815828762196
1,4.992328767123288,0.3999328943874406,0.3999328943874406
1,5.015114155251141,0.4026592055901125,0.4026592055901125
1,5.0378995433789955,0.405360855698066,0.405360855698066
1,5.060684931506849,0.40803817781598367,0.40803817781598367
1,5.083470319634703,0.410691499076312,0.410691499076312
1,5.106255707762557,0.41332114077251153,0.41332114077251153
1,5.129041095890411,0.41592741848875275,0.41592741848875275
1,5.151826484018265,0.41851064222617007,0.41851064222617007
1,5.174611872146119,0.4210711165257817,0.4210711165257817
1,5.197397260273973,0.42360914058817334,0.42360914058817334
1,5.220182648401826,0.4261250083900531,0.4261250083900531
1,5.24296803652968,0.42861900879776027,0.42861900879776027
1,5.265753424657534,0.43109142567783226,0.43109142567783226
1,5.288538812785388,0.4335425380047112,0.4335425380047112
1,5.311324200913242,0.4359726199656773,0.4359726199656773
1,5.3341095890410966,0.4383819410630957,0.4383819410630957
1,5.35689497716895,0.4407707662140513,0.4407707662140513
1,5.379680365296804,0.44313935584745306,0.44313935584745306
1,5.402465753424657,0.4454879659986787,0.4454879659986787
1,5.425251141552511,0.4478168484018389,0.4478168484018389
1,5.4480365296803654,0.45012625057972105,0.45012625057972105
1,5.47082191780822,0.45241641593148946,0.45241641593148946
1,5.493607305936074,0.4546875838181999,0.4546875838181999
1,5.516392694063927,0.45693998964619864,0.45693998964619864
1,5.539178082191781,0.459173864948459,0.459173864948459
1,5.561963470319634,0.46138943746391925,0.46138943746391925
1,5.5847488584474885,0.4635869312148845,0.4635869312148845
1,5.607534246575343,0.4657665665825307,0.4657665665825307
1,5.630319634703197,0.467928560380585,0.467928560380585
1,5.653105022831051,0.4700731259272202,0.4700731259272202
1,5.675890410958904,0.4722004731152168,0.4722004731152168
1,5.698675799086758,0.47431080848044205,0.47431080848044205
1,5.7214611872146115,0.4764043352686963,0.4764043352686963
1,5.744246575342466,0.47848125350096293,0.47848125350096293
1,5.76703196347032,0.48054176003711563,0.48054176003711563
1,5.789817351598174,0.4825860486381196,0.4825860486381196
1,5.812602739726028,0.48461431002676936,0.48461431002676936
1,5.835388127853881,0.4866267319470062,0.4866267319470062
1,5.858173515981735,0.4886234992218471,0.4886234992218471
1,5.880958904109589,0.49060479380997146,0.49060479380997146
1,5.903744292237443,0.49257079486099414,0.49257079486099414
1,5.926529680365297,0.49452167876946534,0.49452167876946534
1,5.949315068493151,0.4964576192276279,0.4964576192276279
1,5.972100456621005,0.4983787872769701,0.4983787872769701
1,5.994885844748858,0.5002853513585982,0.5002853513585982
1,6.017671232876713,0.5021774773624685,0.5021774773624685
1,6.040456621004566,0.5040553286755035,0.5040553286755035
1,6.06324200913242,0.5059190662286225,0.5059190662286225
1,6.086027397260274,0.5077688485427181,0.5077688485427181
1,6.108812785388128,0.5096048317736007,0.5096048317736007
1,6.131598173515982,0.511427169755944,0.511427169755944
1,6.154383561643836,0.5132360140462501,0.5132360140462501
1,6.17716894977169,0.5150315139648703,0.5150315139648703
1,6.199954337899543,0.5168138166370914,0.5168138166370914
1,6.222739726027397,0.5185830670333264,0.5185830670333264
1,6.245525114155251,0.5203394080084199,0.5203394080084199
1,6.268310502283105,0.5220829803401005,0.5220829803401005
1,6.2910958904109595,0.5238139227665951,0.5238139227665951
1,6.313881278538813,0.5255323720234292,0.5255323720234292
1,6.336666666666667,0.5272384628794337,0.5272384628794337
1,6.35945205479452,0.5289323281719773,0.5289323281719773
1,6.382237442922374,0.5306140988414452,0.5306140988414452
1,6.405022831050228,0.5322839039649792,0.5322839039649792
1,6.4278082191780825,0.5339418707895036,0.5339418707895036
1,6.450593607305937,0.5355881247640488,0.5355881247640488
1,6.47337899543379,0.5372227895713928,0.5372227895713928
1,6.496164383561644,0.5388459871590378,0.5388459871590378
1,6.518949771689497,0.5404578377695348,0.5404578377695348
1,6.541735159817351,0.5420584599701783,0.5420584599701783
1,6.564520547945206,0.5436479706820785,0.5436479706820785
1,6.58730593607306,0.5452264852086318,0.5452264852086318
1,6.610091324200914,0.5467941172634042,0.5467941172634042
1,6.632876712328768,0.5483509789974367,0.5483509789974367
1,6.655662100456621,0.5498971810259925,0.5498971810259925
1,6.6784474885844745,0.5514328324547555,0.5514328324547555
1,6.701232876712329,0.5529580409054943,0.5529580409054943
1,6.724018264840183,0.5544729125412049,0.5544729125412049
1,6.746803652968037,0.5559775520907423,0.5559775520907423
1,6.769589041095891,0.557472062872959,0.557472062872959
1,6.792374429223745,0.5589565468203508,0.5589565468203508
1,6.815159817351598,0.5604311045022355,0.5604311045022355
1,6.8379452054794525,0.5618958351474626,0.5618958351474626
1,6.860730593607306,0.5633508366666732,0.5633508366666732
1,6.88351598173516,0.5647962056741183,0.5647962056741183
1,6.906301369863014,0.5662320375090424,0.5662320375090424
1,6.929086757990868,0.5676584262566486,0.5676584262566486
1,6.951872146118722,0.5690754647686482,0.5690754647686482
1,6.9746575342465755,0.5704832446834113,0.5704832446834113
1,6.99744292237443,0.5718818564457183,0.5718818564457183
1,7.020228310502283,0.5732713893261331,0.5732713893261331
1,7.043013698630137,0.5746519314399946,0.5746519314399946
1,7.065799086757991,0.5760235697660454,0.5760235697660454
1,7.088584474885845,0.5773863901646977,0.5773863901646977
1,7.1113698630136986,0.5787404773959485,0.5787404773959485
1,7.134155251141553,0.5800859151369556,0.5800859151369556
1,7.156940639269407,0.5814227859992703,0.5814227859992703
1,7.179726027397261,0.5827511715457505,0.5827511715457505
1,7.202511415525114,0.5840711523071459,0.5840711523071459
1,7.225296803652968,0.5853828077983725,0.5853828077983725
1,7.2480821917808225,0.5866862165344803,0.5866862165344803
1,7.270867579908676,0.5879814560463201,0.5879814560463201
1,7.29365296803653,0.5892686028959164,0.5892686028959164
1,7.316438356164384,0.5905477326915537,0.5905477326915537
1,7.339223744292238,0.5918189201025803,0.5918189201025803
1,7.362009132420091,0.5930822388739402,0.5930822388739402
1,7.3847945205479455,0.5943377618404326,0.5943377618404326
1,7.4075799086758,0.59558556094071,0.59558556094071
1,7.430365296803653,0.5968257072310196,0.5968257072310196
1,7.453150684931507,0.5980582708986892,0.5980582708986892
1,7.475936073059361,0.5992833212753714,0.5992833212753714
1,7.498721461187215,0.6005009268500423,0.6005009268500423
1,7.5215068493150685,0.6017111552817652,0.6017111552817652
1,7.544292237442923,0.6029140734122241,0.6029140734122241
1,7.567077625570777,0.6041097472780288,0.6041097472780288
1,7.58986301369863,0.6052982421228005,0.6052982421228005
1,7.612648401826484,0.6064796224090383,0.6064796224090383
1,7.635433789954338,0.6076539518297749,0.6076539518297749
1,7.658219178082192,0.6088212933200228,0.6088212933200228
1,7.681004566210046,0.6099817090680183,0.6099817090680183
1,7.7037899543379,0.6111352605262647,0.6111352605262647
1,7.726575342465754,0.6122820084223792,0.6122820084223792
1,7.749360730593608,0.6134220127697534,0.6134220127697534
1,7.772146118721461,0.6145553328780192,0.6145553328780192
1,7.7949315068493155,0.6156820273633353,0.6156820273633353
1,7.81771689497717,0.6168021541584955,0.6168021541584955
1,7.840502283105023,0.6179157705228538,0.6179157705228538
1,7.863287671232877,0.6190229330520868,0.6190229330520868
1,7.886073059360731,0.6201236976877778,0.6201236976877778
1,7.908858447488585,0.6212181197268404,0.6212181197268404
1,7.9316438356164385,0.6223062538307781,0.6223062538307781
1,7.954429223744293,0.623388154034785,0.623388154034785
1,7.977214611872147,0.624463873756691,0.624463873756691
1,8.0,0.6255334658057513,0.6255334658057513
2,3.01,0.168009459230827,0.0840047296154135
2,3.0327853881278535,0.2653447793765273,0.13267238968826364
2,3.0555707762557076,0.3322396470187814,0.1661198235093907
2,3.0783561643835613,0.3855885460744823,0.19279427303724114
2,3.1011415525114154,0.43078280141945563,0.21539140070972781
2,3.123926940639269,0.4703743186898608,0.2351871593449304
2,3.1467123287671233,0.5058113794736735,0.25290568973683675
2,3.169497716894977,0.5380098829301112,0.2690049414650556
2,3.192283105022831,0.5675927178874959,0.28379635894374794
2,3.2150684931506848,0.5950063066642678,0.2975031533321339
2,3.2378538812785385,0.6205835599270979,0.31029177996354895
2,3.2606392694063926,0.644580597616926,0.322290298808463
2,3.2834246575342463,0.6671994761096736,0.3335997380548368
2,3.3062100456621004,0.6886029352971292,0.3443014676485646
2,3.328995433789954,0.7089243444810346,0.3544621722405173
2,3.3517808219178082,0.7282746296551125,0.36413731482755624
2,3.374566210045662,0.7467472316706306,0.3733736158353153
2,3.3973515981735156,0.764421739013504,0.382210869506752
2,3.4201369863013698,0.7813666040791633,0.3906833020395816
2,3.4429223744292234,0.7976412106251287,0.39882060531256436
2,3.4657077625570776,0.8132974723204717,0.40664873616023584
2,3.4884931506849313,0.8283810861650969,0.41419054308254843
2,3.5112785388127854,0.8429325277009269,0.42146626385046343
2,3.534063926940639,0.8569878501939834,0.4284939250969917
2,3.556849315068493,0.8705793330105209,0.43528966650526046
2,3.579634703196347,0.8837360125757778,0.4418680062878889
2,3.602420091324201,0.8964841209048544,0.4482420604524272
2,3.6252054794520547,0.9088474506435282,0.4544237253217641
2,3.6479908675799084,0.920847661135492,0.460423830567746
2,3.6707762557077626,0.9325045367610114,0.4662522683805057
2,3.6935616438356162,0.9438362063426976,0.4719181031713488
2,3.71634703196347,0.9548593305605131,0.47742966528025654
2,3.739132420091324,0.9655892629009639,0.48279463145048196
2,3.761917808219178,0.9760401885720893,0.48802009428604465
2,3.784703196347032,0.9862252449646373,0.49311262248231863
2,3.8074885844748856,0.9961566265719434,0.4980783132859717
2,3.8302739726027397,1.0058456767528314,0.5029228383764157
2,3.8530593607305934,1.0153029683011965,0.5076514841505982
2,3.875844748858447,1.024538374448713,0.5122691872243565
2,3.8986301369863012,1.0335611316547866,0.5167805658273933
2,3.9214155251141554,1.0423798953171757,0.5211899476585878
2,3.944200913242009,1.051002789356127,0.5255013946780634
2,3.9669863013698627,1.0594374504769706,0.5297187252384853
2,3.989771689497717,1.0676910677939566,0.5338455338969783
2,4.012557077625571,1.0757704183968977,0.5378852091984488
2,4.035342465753424,1.0836818993578954,0.5418409496789477
2,4.058127853881278,1.0914315566049078,0.5457157783024539
2,4.0809132420091325,1.0990251110297153,0.5495125555148577
2,4.103698630136986,1.1064679821479062,0.5532339910739531
2,4.12648401826484,1.1137653095862527,0.5568826547931264
2,4.149269406392694,1.120921972636913,0.5604609863184565
2,4.172054794520548,1.1279426080873178,0.5639713040436589
2,4.194840182648402,1.134831626508422,0.567415813254211
2,4.2176255707762556,1.1415932271615168,0.5707966135807584
2,4.24041095890411,1.1482314116644778,0.5741157058322389
2,4.263196347031963,1.1547499965416343,0.5773749982708172
2,4.285981735159817,1.1611526247670108,0.5805763123835054
2,4.308767123287671,1.1674427763981032,0.5837213881990516
2,4.331552511415525,1.1736237783865109,0.5868118891932554
2,4.3543378995433795,1.1796988136421445,0.5898494068210722
2,4.377123287671233,1.1856709294194496,0.5928354647097248
2,4.399908675799087,1.1915430450867777,0.5957715225433888
2,4.42269406392694,1.197317959333581,0.5986589796667905
2,4.445479452054794,1.2029983568645084,0.6014991784322542
2,4.468264840182648,1.2085868146244463,0.6042934073122231
2,4.4910502283105025,1.2140858075941676,0.6070429037970838
2,4.513835616438357,1.2194977141923202,0.6097488570961601
2,4.53662100456621,1.224824821316042,0.612412410658021
2,4.559406392694064,1.2300693290493572,0.6150346645246786
2,4.582191780821917,1.2352333550658283,0.6176166775329142
2,4.604977168949771,1.2403189387494016,0.6201594693747008
2,4.6277625570776255,1.2453280450552517,0.6226640225276259
2,4.65054794520548,1.2502625681304356,0.6251312840652178
2,4.673333333333334,1.2551243347124021,0.6275621673562011
2,4.696118721461187,1.2599151073218215,0.6299575536609108
2,4.718904109589041,1.2646365872647853,0.6323182936323927
2,4.741689497716894,1.2692904174581159,0.6346452087290579
2,4.7644748858447485,1.273878185090383,0.6369390925451915
2,4.787260273972603,1.2784014241301798,0.6392007120650899
2,4.810045662100457,1.28286161769224,0.64143080884612
2,4.832831050228311,1.2872602002711433,0.6436301001355716
2,4.855616438356164,1.2915985598515576,0.6457992799257788
2,4.878401826484018,1.2958780399032666,0.6479390199516333
2,4.9011872146118725,1.3000999412685885,0.6500499706342943
2,4.923972602739726,1.3042655239491872,0.6521327619745936
2,4.94675799086758,1.3083760087987768,0.6541880043993884
2,4.969543378995434,1.3124325791276858,0.6562162895638429
2,4.992328767123288,1.3164363822248435,0.6582181911124217
2,5.015114155251141,1.3203885308023138,0.6601942654011569
2,5.0378995433789955,1.3242901043671447,0.6621450521835723
2,5.060684931506849,1.3281421505249402,0.6640710752624701
2,5.083470319634703,1.331945686219278,0.665972843109639
2,5.106255707762557,1.3357016989107666,0.6678508494553833
2,5.129041095890411,1.3394111476993023,0.6697055738496511
2,5.151826484018265,1.3430749643928324,0.6715374821964162
2,5.174611872146119,1.3466940545256945,0.6733470272628472
2,5.197397260273973,1.350269298329412,0.675134649164706
2,5.220182648401826,1.3538015516586206,0.6769007758293103
2,5.24296803652968,1.3572916468746292,0.6786458234373146
2,5.265753424657534,1.3607403936889575,0.6803701968444787
2,5.288538812785388,1.364148579969031,0.6820742899845155
2,5.311324200913242,1.3675169725080918,0.6837584862540459
2,5.3341095890410966,1.3708463177612287,0.6854231588806143
2,5.35689497716895,1.3741373425493373,0.6870686712746686
2,5.379680365296804,1.3773907547326882,0.6886953773663441
2,5.402465753424657,1.3806072438556851,0.6903036219278426
2,5.425251141552511,1.383787481764298,0.691893740882149
2,5.4480365296803654,1.3869321231975735,0.6934660615987868
2,5.47082191780822,1.3900418063545208,0.6950209031772604
2,5.493607305936074,1.393117153437623,0.6965585767188115
2,5.516392694063927,1.3961587711741195,0.6980793855870597
2,5.539178082191781,1.3991672513161684,0.6995836256580842
2,5.561963470319634,1.4021431711209085,0.7010715855604542
2,5.5847488584474885,1.4050870938113966,0.7025435469056983
2,5.607534246575343,1.4079995690193385,0.7039997845096693
2,5.630319634703197,1.4108811332104776,0.7054405666052388
2,5.653105022831051,1.413732310093456,0.706866155046728
2,5.675890410958904,1.4165536110129247,0.7082768055064623
2,5.698675799086758,1.4193455353276283,0.7096727676638142
2,5.7214611872146115,1.422108570774156,0.711054285387078
2,5.744246575342466,1.424843193817013,0.7124215969085065
2,5.76703196347032,1.4275498699856273,0.7137749349928136
2,5.789817351598174,1.4302290541988822,0.7151145270994411
2,5.812602739726028,1.4328811910777242,0.7164405955388621
2,5.835388127853881,1.4355067152463736,0.7177533576231868
2,5.858173515981735,1.43810605162264,0.71905302581132
2,5.880958904109589,1.4406796156978094,0.7203398078489047
2,5.903744292237443,1.4432278138065584,0.7216139069032792
2,5.926529680365297,1.4457510433873173,0.7228755216936587
2,5.949315068493151,1.4482496932334885,0.7241248466167443
2,5.972100456621005,1.4507241437359073,0.7253620718679537
2,5.994885844748858,1.4531747671169073,0.7265873835584536
2,6.017671232876713,1.4556019276563423,0.7278009638281712
2,6.040456621004566,1.4580059819098923,0.7290029909549461
2,6.06324200913242,1.4603872789199728,0.7301936394599864
2,6.086027397260274,1.4627461604195433,0.7313730802097717
2,6.108812785388128,1.4650829610291058,0.7325414805145529
2,6.131598173515982,1.46739800844716,0.73369900422358
2,6.154383561643836,1.469691623634381,0.7348458118171906
2,6.17716894977169,1.4719641209917613,0.7359820604958807
2,6.199954337899543,1.4742158085329602,0.7371079042664801
2,6.222739726027397,1.4764469880510784,0.7382234940255392
2,6.245525114155251,1.4786579552800794,0.7393289776400397
2,6.268310502283105,1.4808490000510577,0.7404245000255288
2,6.2910958904109595,1.483020406443558,0.741510203221779
2,6.313881278538813,1.4851724529321197,0.7425862264660599
2,6.336666666666667,1.4873054125282452,0.7436527062641226
2,6.35945205479452,1.4894195529179406,0.7447097764589703
2,6.382237442922374,1.4915151365950143,0.7457575682975072
2,6.405022831050228,1.4935924209902731,0.7467962104951366
2,6.4278082191780825,1.4956516585967776,0.7478258292983888
2,6.450593607305937,1.4976930970912952,0.7488465485456476
2,6.47337899543379,1.4997169794520875,0.7498584897260437
2,6.496164383561644,1.5017235440731675,0.7508617720365838
2,6.518949771689497,1.5037130248751491,0.7518565124375746
2,6.541735159817351,1.505685651412815,0.7528428257064075
2,6.564520547945206,1.5076416489795075,0.7538208244897537
2,6.58730593607306,1.5095812387084726,0.7547906193542363
2,6.610091324200914,1.511504637671245,0.7557523188356225
2,6.632876712328768,1.5134120589731828,0.7567060294865914
2,6.655662100456621,1.5153037118462582,0.7576518559231291
2,6.6784474885844745,1.5171798017391869,0.7585899008695934
2,6.701232876712329,1.5190405304049917,0.7595202652024958
2,6.724018264840183,1.5208860959860873,0.7604430479930436
2,6.746803652968037,1.5227166930969687,0.7613583465484843
2,6.769589041095891,1.5245325129045864,0.7622662564522932
2,6.792374429223745,1.5263337432064779,0.7631668716032389
2,6.815159817351598,1.528120568506741,0.7640602842533705
2,6.8379452054794525,1.529893170089907,0.7649465850449535
2,6.860730593607306,1.5316517260927955,0.7658258630463978
2,6.88351598173516,1.5333964115744056,0.7666982057872028
2,6.906301369863014,1.535127398583913,0.7675636992919564
2,6.929086757990868,1.5368448562268326,0.7684224281134163
2,6.951872146118722,1.5385489507294068,0.7692744753647034
2,6.9746575342465755,1.5402398455012707,0.7701199227506353
2,6.99744292237443,1.5419177011964562,0.7709588505982281
2,7.020228310502283,1.543582675772781,0.7717913378863905
2,7.043013698630137,1.5452349245496788,0.7726174622748394
2,7.065799086757991,1.5468746002645126,0.7734373001322563
2,7.088584474885845,1.5485018531274228,0.7742509265637114
2,7.1113698630136986,1.550116830874757,0.7750584154373785
2,7.134155251141553,1.55171967882112,0.77585983941056
2,7.156940639269407,1.5533105399100866,0.7766552699550433
2,7.179726027397261,1.5548895547636232,0.7774447773818116
2,7.202511415525114,1.5564568617302525,0.7782284308651263
2,7.225296803652968,1.5580125969319991,0.7790062984659996
2,7.2480821917808225,1.5595568943101537,0.7797784471550768
2,7.270867579908676,1.561089885669894,0.780544942834947
2,7.29365296803653,1.5626117007237894,0.7813058503618947
2,7.316438356164384,1.564122467134228,0.782061233567114
2,7.339223744292238,1.5656223105547966,0.7828111552773983
2,7.362009132420091,1.56711135467064,0.78355567733532
2,7.3847945205479455,1.568589721237839,0.7842948606189195
2,7.4075799086758,1.5700575301218218,0.7850287650609109
2,7.430365296803653,1.5715148993348487,0.7857574496674243
2,7.453150684931507,1.5729619450725918,0.7864809725362959
2,7.475936073059361,1.574398781749834,0.787199390874917
2,7.498721461187215,1.5758255220353126,0.7879127610176563
2,7.5215068493150685,1.577242276885739,0.7886211384428695
2,7.544292237442923,1.5786491555790056,0.7893245777895028
2,7.567077625570777,1.5800462657466103,0.7900231328733052
2,7.58986301369863,1.5814337134053214,0.7907168567026607
2,7.612648401826484,1.5828116029880988,0.7914058014940494
2,7.635433789954338,1.584180037374295,0.7920900186871475
2,7.658219178082192,1.5855391179191576,0.7927695589595788
2,7.681004566210046,1.5868889444826468,0.7934444722413234
2,7.7037899543379,1.5882296154575943,0.7941148077287972
2,7.726575342465754,1.5895612277972118,0.7947806138986059
2,7.749360730593608,1.5908838770419773,0.7954419385209887
2,7.772146118721461,1.5921976573459073,0.7960988286729537
2,7.7949315068493155,1.5935026615022372,0.7967513307511186
2,7.81771689497717,1.5947989809685197,0.7973994904842598
2,7.840502283105023,1.5960867058911647,0.7980433529455824
2,7.863287671232877,1.5973659251294274,0.7986829625647137
2,7.886073059360731,1.5986367262788646,0.7993183631394323
2,7.908858447488585,1.5998991956942694,0.7999495978471347
2,7.9316438356164385,1.6011534185121037,0.8005767092560518
2,7.954429223744293,1.602399478672431,0.8011997393362155
2,7.977214611872147,1.6036374589403775,0.8018187294701887
2,8.0,1.6048674409271162,0.8024337204635581
4,3.01,1.0942866937599087,0.2735716734399772
4,3.0327853881278535,1.4033307890425903,0.3508326972606476
4,3.0555707762557076,1.586162528137629,0.39654063203440726
4,3.0783561643835613,1.7197796682239581,0.42994491705598953
4,3.1011415525114154,1.8260572234853678,0.45651430587134195
4,3.123926940639269,1.9146484922006728,0.4786621230501682
4,3.1467123287671233,1.9907527688836484,0.4976881922209121
4,3.169497716894977,2.057521239291887,0.5143803098229718
4,3.192283105022831,2.1170206881899705,0.5292551720474926
4,3.2150684931506848,2.1706859176267437,0.5426714794066859
4,3.2378538812785385,2.2195567192025543,0.5548891798006386
4,3.2606392694063926,2.26441243408673,0.5661031085216826
4,3.2834246575342463,2.305853265516081,0.5764633163790203
4,3.3062100456621004,2.3443519100490904,0.5860879775122726
4,3.328995433789954,2.380287694746455,0.5950719236866138
4,3.3517808219178082,2.413969920382745,0.6034924800956862
4,3.374566210045662,2.445654284754835,0.6114135711887088
4,3.3973515981735156,2.4755547230502146,0.6188886807625537
4,3.4201369863013698,2.5038521268596363,0.6259630317149091
4,3.4429223744292234,2.5307008848936907,0.6326752212234227
4,3.4657077625570776,2.556233870677557,0.6390584676693892
4,3.4884931506849313,2.5805663018497573,0.6451415754624393
4,3.5112785388127854,2.603798765626515,0.6509496914066287
4,3.534063926940639,2.626019618688159,0.6565049046720397
4,3.556849315068493,2.647306911263449,0.6618267278158623
4,3.579634703196347,2.6677299448066156,0.6669324862016539
4,3.602420091324201,2.687350544297735,0.6718376360744337
4,3.6252054794520547,2.706224105961668,0.676556026490417
4,3.6479908675799084,2.7244004665578605,0.6811001166394651
4,3.6707762557077626,2.7419246296578836,0.6854811574144709
4,3.6935616438356162,2.7588373763621337,0.6897093440905334
4,3.71634703196347,2.775175781930556,0.693793945482639
4,3.739132420091324,2.7909736552719084,0.6977434138179771
4,3.761917808219178,2.806261914768591,0.7015654786921478
4,3.784703196347032,2.821068911236712,0.705267227809178
4,3.8074885844748856,2.8354207067361648,0.7088551766840412
4,3.8302739726027397,2.8493413163092693,0.7123353290773173
4,3.8530593607305934,2.86285291843326,0.715713229608315
4,3.875844748858447,2.8759760389421825,0.7189940097355456
4,3.8986301369863012,2.8887297123489217,0.7221824280872304
4,3.9214155251141554,2.9011316238331815,0.7252829059582954
4,3.944200913242009,2.913198234621948,0.728299558655487
4,3.9669863013698627,2.924944893049577,0.7312362232623942
4,3.989771689497717,2.936385933224289,0.7340964833060722
4,4.012557077625571,2.9475347629312845,0.7368836907328211
4,4.035342465753424,2.9584039421571156,0.7396009855392789
4,4.058127853881278,2.969005253416042,0.7422513133540105
4,4.0809132420091325,2.9793497648886174,0.7448374412221543
4,4.103698630136986,2.989447887240163,0.7473619718100407
4,4.12648401826484,2.999309424866562,0.7498273562166405
4,4.149269406392694,3.0089436222135633,0.7522359055533908
4,4.172054794520548,3.018359205729233,0.7545898014323082
4,4.194840182648402,3.027564421937248,0.756891105484312
4,4.2176255707762556,3.036567072054922,0.7591417680137305
4,4.24041095890411,3.0453745435274926,0.7613436358818731
4,4.263196347031963,3.053993838803953,0.7634984597009883
4,4.285981735159817,3.0624316016402675,0.7656079004100669
4,4.308767123287671,3.0706941411817863,0.7676735352954466
4,4.331552511415525,3.078787454047137,0.7696968635117842
4,4.3543378995433795,3.086717244610264,0.771679311152566
4,4.377123287671233,3.094488943655019,0.7736222359137548
4,4.399908675799087,3.1021077255572327,0.7755269313893082
4,4.42269406392694,3.10957852413224,0.77739463103306
4,4.445479452054794,3.1169060472709043,0.7792265118177261
4,4.468264840182648,3.124094790474123,0.7810236976185307
4,4.4910502283105025,3.1311490493842786,0.7827872623460697
4,4.513835616438357,3.1380729314019584,0.7845182328504896
4,4.53662100456621,3.1448703664672633,0.7862175916168158
4,4.559406392694064,3.1515451170771382,0.7878862792692846
4,4.582191780821917,3.1581007876030602,0.7895251969007651
4,4.604977168949771,3.164540832967185,0.7911352082417963
4,4.6277625570776255,3.1708685667294927,0.7927171416823732
4,4.65054794520548,3.1770871686334767,0.7942717921583692
4,4.673333333333334,3.1831996916535115,0.7957999229133779
4,4.696118721461187,3.1892090685830423,0.7973022671457606
4,4.718904109589041,3.1951181181992143,0.7987795295498036
4,4.741689497716894,3.200929551036324,0.800232387759081
4,4.7644748858447485,3.206645974797664,0.801661493699416
4,4.787260273972603,3.212269899432693,0.8030674748581732
4,4.810045662100457,3.217803741904198,0.8044509354760495
4,4.832831050228311,3.2232498306679624,0.8058124576669906
4,4.855616438356164,3.228610409885597,0.8071526024713993
4,4.878401826484018,3.233887643389455,0.8084719108473637
4,4.9011872146118725,3.2390836184170104,0.8097709046042526
4,4.923972602739726,3.2442003491306632,0.8110500872826658
4,4.94675799086758,3.2492397799376453,0.8123099449844113
4,4.969543378995434,3.2542037886235677,0.8135509471558919
4,4.992328767123288,3.259094189312055,0.8147735473280138
4,5.015114155251141,3.263912735261969,0.8159781838154923
4,5.0378995433789955,3.2686611215128405,0.8171652803782101
4,5.060684931506849,3.2733409873883175,0.8183352468470794
4,5.083470319634703,3.2779539188667135,0.8194884797166784
4,5.106255707762557,3.282501450827055,0.8206253627067638
4,5.129041095890411,3.286985069178416,0.821746267294604
4,5.151826484018265,3.291406212879776,0.822851553219944
4,5.174611872146119,3.2957662758570954,0.8239415689642738
4,5.197397260273973,3.300066608823838,0.8250166522059595
4,5.220182648401826,3.304308521010744,0.826077130252686
4,5.24296803652968,3.308493281810236,0.827123320452559
4,5.265753424657534,3.312622122340466,0.8281555305851165
4,5.288538812785388,3.3166962369337076,0.8291740592334269
4,5.311324200913242,3.320716784553419,0.8301791961383548
4,5.3341095890410966,3.3246848901440775,0.8311712225360194
4,5.35689497716895,3.328601645917562,0.8321504114793905
4,5.379680365296804,3.3324681125796496,0.8331170281449124
4,5.402465753424657,3.336285320499944,0.834071330124986
4,5.425251141552511,3.340054270828329,0.8350135677070822
4,5.4480365296803654,3.343775936560881,0.8359439841402202
4,5.47082191780822,3.3474512635579385,0.8368628158894846
4,5.493607305936074,3.3510811715169124,0.8377702928792281
4,5.516392694063927,3.3546665549022032,0.8386666387255508
4,5.539178082191781,3.3582082838345,0.839552070958625
4,5.561963470319634,3.36170720494156,0.84042680123539
4,5.5847488584474885,3.3651641421724583,0.8412910355431146
4,5.607534246575343,3.3685798975771717,0.8421449743942929
4,5.630319634703197,3.371955252053259,0.8429888130133147
4,5.653105022831051,3.375290966061279,0.8438227415153198
4,5.675890410958904,3.378587780310515,0.8446469450776287
4,5.698675799086758,3.3818464164164626,0.8454616041041156
4,5.7214611872146115,3.3850675775314696,0.8462668943828674
4,5.744246575342466,3.3882519489498284,0.8470629872374571
4,5.76703196347032,3.391400198688551,0.8478500496721377
4,5.789817351598174,3.394512978044991,0.8486282445112477
4,5.812602739726028,3.3975909221324123,0.8493977305331031
4,5.835388127853881,3.4006346503945277,0.8501586625986319
4,5.858173515981735,3.40364476710001,0.8509111917750025
4,5.880958904109589,3.406621861817881,0.8516554654544702
4,5.903744292237443,3.409566509874675,0.8523916274686687
4,5.926529680365297,3.4124792727941857,0.8531198181985464
4,5.949315068493151,3.4153606987206153,0.8538401746801538
4,5.972100456621005,3.41821132282583,0.8545528307064575
4,5.994885844748858,3.421031667701472,0.855257916925368
4,6.017671232876713,3.4238222437365615,0.8559555609341404
4,6.040456621004566,3.4265835494812555,0.8566458873703139
4,6.06324200913242,3.4293160719973352,0.8573290179993338
4,6.086027397260274,3.432020287196031,0.8580050717990078
4,6.108812785388128,3.434696660163695,0.8586741650409238
4,6.131598173515982,3.437345645475863,0.8593364113689658
4,6.154383561643836,3.4399676875001894,0.8599919218750474
4,6.17716894977169,3.4425632206887133,0.8606408051721783
4,6.199954337899543,3.44513266985992,0.86128316746498
4,6.222739726027397,3.4476764504710053,0.8619191126177513
4,6.245525114155251,3.45019496888075,0.8625487422201875
4,6.268310502283105,3.4526886226033913,0.8631721556508478
4,6.2910958904109595,3.4551578005538555,0.8637894501384639
4,6.313881278538813,3.4576028832846966,0.8644007208211741
4,6.336666666666667,3.4600242432150785,0.8650060608037696
4,6.35945205479452,3.4624222448521134,0.8656055612130283
4,6.382237442922374,3.4647972450048594,0.8661993112512149
4,6.405022831050228,3.4671495929912695,0.8667873982478174
4,6.4278082191780825,3.4694796308383564,0.8673699077095891
4,6.450593607305937,3.471787693475853,0.8679469233689633
4,6.47337899543379,3.4740741089236025,0.8685185272309006
4,6.496164383561644,3.4763391984729246,0.8690847996182312
4,6.518949771689497,3.4785832768621923,0.8696458192155481
4,6.541735159817351,3.48080665244683,0.8702016631117075
4,6.564520547945206,3.4830096273639457,0.8707524068409864
4,6.58730593607306,3.4851924976917963,0.8712981244229491
4,6.610091324200914,3.487355553604283,0.8718388884010707
4,6.632876712328768,3.4894990795206517,0.8723747698801629
4,6.655662100456621,3.4916233542505792,0.8729058385626448
4,6.6784474885844745,3.493728651134815,0.8734321627837037
4,6.701232876712329,3.495815238181536,0.873953809545384
4,6.724018264840183,3.4978833781985657,0.8744708445496414
4,6.746803652968037,3.4999333289216175,0.8749833322304044
4,6.769589041095891,3.501965343138688,0.875491335784672
4,6.792374429223745,3.503979668810751,0.8759949172026877
4,6.815159817351598,3.5059765491888735,0.8764941372972184
4,6.8379452054794525,3.507956222927876,0.876989055731969
4,6.860730593607306,3.5099189241966724,0.8774797310491681
4,6.88351598173516,3.5118648827853858,0.8779662206963464
4,6.906301369863014,3.513794324209364,0.878448581052341
4,6.929086757990868,3.5157074698101947,0.8789268674525487
4,6.951872146118722,3.517604536853823,0.8794011342134558
4,6.9746575342465755,3.5194857386258755,0.8798714346564689
4,6.99744292237443,3.52135128452427,0.8803378211310675
4,7.020228310502283,3.523201380149224,0.880800345037306
4,7.043013698630137,3.525036227390722,0.8812590568476805
4,7.065799086757991,3.526856024513553,0.8817140061283882
4,7.088584474885845,3.528660966239973,0.8821652415599932
4,7.1113698630136986,3.5304512438300915,0.8826128109575229
4,7.134155251141553,3.5322270451600404,0.8830567612900101
4,7.156940639269407,3.5339885547980066,0.8834971386995016
4,7.179726027397261,3.5357359540781914,0.8839339885195479
4,7.202511415525114,3.5374694211727715,0.8843673552931929
4,7.225296803652968,3.53918913116191,0.8847972827904775
4,7.2480821917808225,3.5408952561019,0.885223814025475
4,7.270867579908676,3.5425879650914807,0.8856469912728702
4,7.29365296803653,3.5442674243363936,0.8860668560840984
4,7.316438356164384,3.5459337972122347,0.8864834493030587
4,7.339223744292238,3.54758724432565,0.8868968110814125
4,7.362009132420091,3.549227923573925,0.8873069808934813
4,7.3847945205479455,3.5508559902030323,0.8877139975507581
4,7.4075799086758,3.5524715968641583,0.8881178992160396
4,7.430365296803653,3.5540748936687825,0.8885187234171956
4,7.453150684931507,3.5556660282423356,0.8889165070605839
4,7.475936073059361,3.557245145776484,0.889311286444121
4,7.498721461187215,3.55881238908009,0.8897030972700225
4,7.5215068493150685,3.5603678986288703,0.8900919746572176
4,7.544292237442923,3.5619118126138107,0.8904779531534527
4,7.567077625570777,3.5634442669883586,0.8908610667470896
4,7.58986301369863,3.564965395514439,0.8912413488786097
4,7.612648401826484,3.5664753298073237,0.8916188324518309
4,7.635433789954338,3.5679741993793903,0.8919935498448476
4,7.658219178082192,3.5694621316827986,0.8923655329206996
4,7.681004566210046,3.5709392521511223,0.8927348130377806
4,7.7037899543379,3.572405684239961,0.8931014210599902
4,7.726575342465754,3.5738615494665633,0.8934653873666408
4,7.749360730593608,3.5753069674484896,0.8938267418621224
4,7.772146118721461,3.5767420559413448,0.8941855139853362
4,7.7949315068493155,3.578166930875596,0.894541732718899
4,7.81771689497717,3.5795817063925215,0.8948954265981304
4,7.840502283105023,3.580986494879292,0.895246623719823
4,7.863287671232877,3.5823814070032247,0.8955953517508062
4,7.886073059360731,3.5837665517452306,0.8959416379363077
4,7.908858447488585,3.585142036432468,0.896285509108117
4,7.9316438356164385,3.5865079667702373,0.8966269916925593
4,7.954429223744293,3.5878644468731284,0.8969661117182821
4,7.977214611872147,3.5892115792954464,0.8973028948238616
4,8.0,3.5905494650609313,0.8976373662652328
8,3.01,3.8040542253223992,0.4755067781652999
8,3.0327853881278535,4.433574166219481,0.5541967707774351
8,3.0555707762557076,4.780549955098848,0.597568744387356
8,3.0783561643835613,5.0230388641387105,0.6278798580173388
8,3.1011415525114154,5.209376176699299,0.6511720220874124
8,3.123926940639269,5.3603215210773545,0.6700401901346693
8,3.1467123287671233,5.486830396458109,0.6858537995572637
8,3.169497716894977,5.595431037097056,0.699428879637132
8,3.192283105022831,5.690341565377271,0.7112926956721589
8,3.2150684931506848,5.774450444712559,0.7218063055890699
8,3.2378538812785385,5.849824212881805,0.7312280266102257
8,3.2606392694063926,5.917992953241376,0.739749119155172
8,3.2834246575342463,5.98012128338629,0.7475151604232863
8,3.3062100456621004,6.03711605279301,0.7546395065991263
8,3.328995433789954,6.089697012006033,0.7612121265007541
8,3.3517808219178082,6.138444789408165,0.7673055986760207
8,3.374566210045662,6.183834411786699,0.7729793014733374
8,3.3973515981735156,6.226259307906154,0.7782824134882692
8,3.4201369863013698,6.266048867319929,0.7832561084149912
8,3.4429223744292234,6.303481526529067,0.7879351908161334
8,3.4657077625570776,6.338794683638662,0.7923493354548328
8,3.4884931506849313,6.372192320951941,0.7965240401189926
8,3.5112785388127854,6.403850942762886,0.8004813678453607
8,3.534063926940639,6.433924255750979,0.8042405319688724
8,3.556849315068493,6.462546897998371,0.8078183622497964
8,3.579634703196347,6.48983743916165,0.8112296798952062
8,3.602420091324201,6.515900815912362,0.8144876019890452
8,3.6252054794520547,6.540830325241716,0.8176037906552145
8,3.6479908675799084,6.564709268293063,0.8205886585366329
8,3.6707762557077626,6.587612315523566,0.8234515394404458
8,3.6935616438356162,6.609606647834777,0.8262008309793472
8,3.71634703196347,6.630752916231121,0.8288441145288902
8,3.739132420091324,6.651106053441301,0.8313882566801626
8,3.761917808219178,6.670715963980635,0.8338394954975794
8,3.784703196347032,6.689628113780196,0.8362035142225245
8,3.8074885844748856,6.707884036356463,0.8384855045445578
8,3.8302739726027397,6.725521769249048,0.840690221156131
8,3.8530593607305934,6.7425762318973,0.8428220289871625
8,3.875844748858447,6.759079554099107,0.8448849442623884
8,3.8986301369863012,6.7750613625768334,0.8468826703221042
8,3.9214155251141554,6.790549031875662,0.8488186289844577
8,3.944200913242009,6.805567904769733,0.8506959880962166
8,3.9669863013698627,6.8201414864988585,0.8525176858123573
8,3.989771689497717,6.834291616462282,0.8542864520577852
8,4.012557077625571,6.848038620424878,0.8560048275531098
8,4.035342465753424,6.861401445820207,0.8576751807275259
8,4.058127853881278,6.874397782344933,0.8592997227931166
8,4.0809132420091325,6.887044169714816,0.860880521214352
8,4.103698630136986,6.899356094181758,0.8624195117727198
8,4.12648401826484,6.911348075184325,0.8639185093980406
8,4.149269406392694,6.923033743313184,0.865379217914148
8,4.172054794520548,6.934425910611628,0.8668032388264535
8,4.194840182648402,6.9455366340946565,0.8681920792618321
8,4.2176255707762556,6.956377273253903,0.8695471591567379
8,4.24041095890411,6.9669585422165845,0.8708698177770731
8,4.263196347031963,6.977290557141907,0.8721613196427384
8,4.285981735159817,6.987382879365613,0.8734228599207017
8,4.308767123287671,6.9972445547407744,0.8746555693425968
8,4.331552511415525,7.006884149568952,0.875860518696119
8,4.3543378995433795,7.016309783469178,0.8770387229336473
8,4.377123287671233,7.02552915949164,0.878191144936455
8,4.399908675799087,7.034549591747855,0.8793186989684819
8,4.42269406392694,7.043378030798343,0.8804222538497929
8,4.445479452054794,7.0520210870120845,0.8815026358765106
8,4.468264840182648,7.060485052088587,0.8825606315110733
8,4.4910502283105025,7.068775918912791,0.8835969898640988
8,4.513835616438357,7.07689939989499,0.8846124249868738
8,4.53662100456621,7.084860943932041,0.8856076179915051
8,4.559406392694064,7.092665752112017,0.8865832190140022
8,4.582191780821917,7.1003187922721285,0.8875398490340161
8,4.604977168949771,7.107824812508635,0.8884781015635794
8,4.6277625570776255,7.115188353727813,0.8893985442159766
8,4.65054794520548,7.1224137613182545,0.8903017201647818
8,4.673333333333334,7.129505196017155,0.8911881495021444
8,4.696118721461187,7.136466644036274,0.8920583305045342
8,4.718904109589041,7.143301926507125,0.8929127408133907
8,4.741689497716894,7.150014708299491,0.8937518385374363
8,4.7644748858447485,7.156608506262328,0.894576063282791
8,4.787260273972603,7.163086696931824,0.895385837116478
8,4.810045662100457,7.169452523747259,0.8961815654684073
8,4.832831050228311,7.175709103811874,0.8969636379764843
8,4.855616438356164,7.1818594342326225,0.8977324292790778
8,4.878401826484018,7.187906398069839,0.8984882997587299
8,4.9011872146118725,7.193852769925189,0.8992315962406486
8,4.923972602739726,7.199701221193926,0.8999626526492408
8,4.94675799086758,7.2054543250052925,0.9006817906256616
8,4.969543378995434,7.211114560872964,0.9013893201091205
8,4.992328767123288,7.2166843190757,0.9020855398844625
8,5.015114155251141,7.222165904786676,0.9027707380983345
8,5.0378995433789955,7.22756154196859,0.9034451927460737
8,5.060684931506849,7.232873377050245,0.9041091721312806
8,5.083470319634703,7.238103482399146,0.9047629352998933
8,5.106255707762557,7.243253859603459,0.9054067324504323
8,5.129041095890411,7.248326442575764,0.9060408053219705
8,5.151826484018265,7.253323100490029,0.9066653875612536
8,5.174611872146119,7.2582456405624285,0.9072807050703036
8,5.197397260273973,7.263095810685827,0.9078869763357283
8,5.220182648401826,7.267875301927041,0.9084844127408801
8,5.24296803652968,7.272585750895354,0.9090732188619193
8,5.265753424657534,7.277228741990133,0.9096535927487667
8,5.288538812785388,7.28180580953485,0.9102257261918563
8,5.311324200913242,7.28631843980432,0.91078980497554
8,5.3341095890410966,7.290768072951468,0.9113460091189335
8,5.35689497716895,7.29515610483953,0.9118945131049413
8,5.379680365296804,7.2994838887851765,0.9124354860981471
8,5.402465753424657,7.303752737217691,0.9129690921522113
8,5.425251141552511,7.307963923258988,0.9134954904073735
8,5.4480365296803654,7.312118682228951,0.9140148352786188
8,5.47082191780822,7.316218213080241,0.9145272766350301
8,5.493607305936074,7.320263679766539,0.9150329599708174
8,5.516392694063927,7.32425621254782,0.9155320265684775
8,5.539178082191781,7.328196909236142,0.9160246136545177
8,5.561963470319634,7.332086836385112,0.916510854548139
8,5.5847488584474885,7.335927030426092,0.9169908788032615
8,5.607534246575343,7.339718498753921,0.9174648123442402
8,5.630319634703197,7.343462220764851,0.9179327775956063
8,5.653105022831051,7.347159148849144,0.918394893606143
8,5.675890410958904,7.350810209340721,0.9188512761675901
8,5.698675799086758,7.354416303426016,0.919302037928252
8,5.7214611872146115,7.357978308014144,0.919747288501768
8,5.744246575342466,7.361497076570314,0.9201871345712892
8,5.76703196347032,7.364973439914331,0.9206216799892913
8,5.789817351598174,7.368408206985913,0.9210510258732392
8,5.812602739726028,7.371802165578461,0.9214752706973076
8,5.835388127853881,7.375156083042808,0.921894510380351
8,5.858173515981735,7.3784707069624185,0.9223088383703023
8,5.880958904109589,7.381746765801398,0.9227183457251747
8,5.903744292237443,7.384984969526599,0.9231231211908248
8,5.926529680365297,7.388186010205069,0.9235232512756336
8,5.949315068493151,7.391350562577975,0.9239188203222469
8,5.972100456621005,7.394479284612121,0.9243099105765151
8,5.994885844748858,7.397572818030069,0.9246966022537586
8,6.017671232876713,7.400631788819867,0.9250789736024834
8,6.040456621004566,7.403656807725299,0.9254571009656624
8,6.06324200913242,7.4066484707175375,0.9258310588396922
8,6.086027397260274,7.40960735944904,0.92620091993113
8,6.108812785388128,7.412534041690467,0.9265667552113084
8,6.131598173515982,7.415429071751388,0.9269286339689236
8,6.154383561643836,7.418292990885468,0.9272866238606835
8,6.17716894977169,7.4211263276808275,0.9276407909601034
8,6.199954337899543,7.4239295984362075,0.9279911998045259
8,6.222739726027397,7.426703307523551,0.9283379134404439
8,6.245525114155251,7.429447947737584,0.928680993467198
8,6.268310502283105,7.432164000632934,0.9290205000791167
8,6.2910958904109595,7.434851936849335,0.9293564921061669
8,6.313881278538813,7.437512216425386,0.9296890270531732
8,6.336666666666667,7.440145289101369,0.9300181611376711
8,6.35945205479452,7.442751594611541,0.9303439493264426
8,6.382237442922374,7.445331562966376,0.930666445370797
8,6.405022831050228,7.447885614725124,0.9309857018406404
8,6.4278082191780825,7.4504141612591015,0.9313017701573877
8,6.450593607305937,7.452917605006085,0.9316147006257606
8,6.47337899543379,7.455396339716143,0.9319245424645178
8,6.496164383561644,7.457850750689281,0.9322313438361601
8,6.518949771689497,7.460281215005183,0.9325351518756478
8,6.541735159817351,7.4626881017453846,0.9328360127181731
8,6.564520547945206,7.465071772208162,0.9331339715260203
8,6.58730593607306,7.4674325801164265,0.9334290725145533
8,6.610091324200914,7.469770871818876,0.9337213589773595
8,6.632876712328768,7.472086986484683,0.9340108733105854
8,6.655662100456621,7.474381256291945,0.9342976570364931
8,6.6784474885844745,7.476654006610148,0.9345817508262685
8,6.701232876712329,7.478905556176853,0.9348631945221066
8,6.724018264840183,7.481136217268834,0.9351420271586043
8,6.746803652968037,7.483346295867861,0.9354182869834826
8,6.769589041095891,7.485536091821339,0.9356920114776673
8,6.792374429223745,7.487705898997975,0.9359632373747468
8,6.815159817351598,7.489856005438665,0.9362320006798331
8,6.8379452054794525,7.491986693502777,0.9364983366878471
8,6.860730593607306,7.494098240009974,0.9367622800012467
8,6.88351598173516,7.496190916377775,0.9370238645472219
8,6.906301369863014,7.49826498875496,0.93728312359437
8,6.929086757990868,7.500320718151006,0.9375400897688757
8,6.951872146118722,7.50235836056166,0.9377947950702075
8,6.9746575342465755,7.504378167090817,0.9380472708863521
8,6.99744292237443,7.506380384068803,0.9382975480086003
8,7.020228310502283,7.508365253167203,0.9385456566459004
8,7.043013698630137,7.510333011510347,0.9387916264387933
8,7.065799086757991,7.5122838917835715,0.9390354864729464
8,7.088584474885845,7.514218122338368,0.939277265292296
8,7.1113698630136986,7.5161359272945125,0.9395169909118141
8,7.134155251141553,7.51803752663929,0.9397546908299113
8,7.156940639269407,7.5199231363239125,0.9399903920404891
8,7.179726027397261,7.521792968357207,0.9402241210446509
8,7.202511415525114,7.523647230896687,0.9404559038620859
8,7.225296803652968,7.52548612833707,0.9406857660421337
8,7.2480821917808225,7.527309861396349,0.9409137326745436
8,7.270867579908676,7.529118627199475,0.9411398283999344
8,7.29365296803653,7.530912619359751,0.9413640774199689
8,7.316438356164384,7.532692028057981,0.9415865035072476
8,7.339223744292238,7.534457040119482,0.9418071300149352
8,7.362009132420091,7.536207839088999,0.9420259798861249
8,7.3847945205479455,7.537944605303603,0.9422430756629504
8,7.4075799086758,7.539667515963634,0.9424584394954543
8,7.430365296803653,7.541376745201748,0.9426720931502185
8,7.453150684931507,7.543072464150126,0.9428840580187657
8,7.475936073059361,7.544754841005914,0.9430943551257392
8,7.498721461187215,7.546424041094929,0.9433030051368662
8,7.5215068493150685,7.548080226933706,0.9435100283667133
8,7.544292237442923,7.549723558289916,0.9437154447862395
8,7.567077625570777,7.5513541922412255,0.9439192740301532
8,7.58986301369863,7.552972283232631,0.9441215354040788
8,7.612648401826484,7.554577983132314,0.9443222478915393
8,7.635433789954338,7.556171441286073,0.9445214301607592
8,7.658219178082192,7.557752804570365,0.9447191005712956
8,7.681004566210046,7.559322217443997,0.9449152771804996
8,7.7037899543379,7.560879821998522,0.9451099777498152
8,7.726575342465754,7.562425758007354,0.9453032197509192
8,7.749360730593608,7.563960162973664,0.945495020371708
8,7.772146118721461,7.565483172177077,0.9456853965221347
8,7.7949315068493155,7.566994918719216,0.945874364839902
8,7.81771689497717,7.568495533568102,0.9460619416960128
8,7.840502283105023,7.569985145601493,0.9462481432001866
8,7.863287671232877,7.571463881649131,0.9464329852061414
8,7.886073059360731,7.572931866533977,0.9466164833167471
8,7.908858447488585,7.574389223112435,0.9467986528890544
8,7.9316438356164385,7.575836072313613,0.9469795090392016
8,7.954429223744293,7.577272533177621,0.9471590666472026
8,7.977214611872147,7.578698722892978,0.9473373403616222
8,8.0,7.580114756833092,0.9475143446041365
