N,FPR,M_min,first_order_N_ell_f
50,0.001,1,0.01
53,0.001,1,0.010600000000000002
57,0.001,1,0.0114
61,0.001,1,0.0122
65,0.001,1,0.013000000000000001
70,0.001,1,0.014
75,0.001,1,0.015
80,0.001,1,0.016
86,0.001,1,0.0172
91,0.001,1,0.0182
98,0.001,1,0.019600000000000003
105,0.001,1,0.021
112,0.001,1,0.022400000000000003
120,0.001,1,0.024
128,0.001,1,0.0256
137,0.001,1,0.027400000000000004
146,0.001,1,0.029200000000000004
156,0.001,1,0.031200000000000002
167,0.001,1,0.0334
179,0.001,1,0.035800000000000005
191,0.001,1,0.038200000000000005
204,0.001,1,0.0408
219,0.001,1,0.043800000000000006
234,0.001,1,0.04680000000000001
250,0.001,1,0.05
267,0.001,1,0.05340000000000001
286,0.001,1,0.0572
306,0.001,1,0.061200000000000004
327,0.001,1,0.06540000000000001
350,0.001,1,0.07
374,0.001,1,0.0748
400,0.001,1,0.08
428,0.001,1,0.08560000000000001
457,0.001,1,0.09140000000000001
489,0.001,1,0.09780000000000001
523,0.001,1,0.10460000000000001
559,0.001,1,0.11180000000000001
598,0.001,1,0.11960000000000001
639,0.001,1,0.12780000000000002
684,0.001,1,0.1368
731,0.001,1,0.14620000000000002
782,0.001,1,0.1564
836,0.001,1,0.16720000000000002
894,0.001,1,0.17880000000000001
956,0.001,2,0.1912
1023,0.001,2,0.20460000000000003
1093,0.001,2,0.21860000000000002
1169,0.001,2,0.2338
1250,0.001,2,0.25
1337,0.001,2,0.2674
1430,0.001,2,0.28600000000000003
1529,0.001,2,0.3058
1635,0.001,2,0.327
1749,0.001,2,0.3498
1870,0.001,2,0.374
2000,0.001,2,0.4
2138,0.001,2,0.42760000000000004
2287,0.001,2,0.45740000000000003
2445,0.001,2,0.489
2615,0.001,2,0.523
2796,0.001,2,0.5592
2990,0.001,2,0.598
3198,0.001,2,0.6396000000000001
3420,0.001,2,0.684
3657,0.001,2,0.7314000000000002
3910,0.001,2,0.782
4182,0.001,2,0.8364000000000001
4472,0.001,3,0.8944000000000001
4782,0.001,3,0.9564000000000001
5114,0.001,3,1.0228000000000002
5468,0.001,3,1.0936000000000001
5848,0.001,3,1.1696000000000002
6253,0.001,3,1.2506000000000002
6687,0.001,3,1.3374000000000001
7151,0.001,3,1.4302000000000001
7647,0.001,3,1.5294
8177,0.001,3,1.6354000000000002
8745,0.001,4,1.749
9351,0.001,4,1.8702
10000,0.001,4,2.0
50,0.005,1,0.05
53,0.005,1,0.053000000000000005
57,0.005,1,0.057
61,0.005,1,0.061000000000000006
65,0.005,1,0.065
70,0.005,1,0.07
75,0.005,1,0.075
80,0.005,1,0.08
86,0.005,1,0.086
91,0.005,1,0.091
98,0.005,1,0.098
105,0.005,1,0.105
112,0.005,1,0.11200000000000002
120,0.005,1,0.12
128,0.005,1,0.128
137,0.005,1,0.137
146,0.005,1,0.14600000000000002
156,0.005,1,0.15600000000000003
167,0.005,1,0.167
179,0.005,1,0.17900000000000002
191,0.005,1,0.19100000000000003
204,0.005,2,0.20400000000000001
219,0.005,2,0.21900000000000003
234,0.005,2,0.234
250,0.005,2,0.25
267,0.005,2,0.267
286,0.005,2,0.28600000000000003
306,0.005,2,0.306
327,0.005,2,0.327
350,0.005,2,0.35000000000000003
374,0.005,2,0.374
400,0.005,2,0.4
428,0.005,2,0.42800000000000005
457,0.005,2,0.457
489,0.005,2,0.48900000000000005
523,0.005,2,0.523
559,0.005,2,0.559
598,0.005,2,0.5980000000000001
639,0.005,2,0.6390000000000001
684,0.005,2,0.684
731,0.005,2,0.7310000000000001
782,0.005,2,0.782
836,0.005,2,0.8360000000000001
894,0.005,2,0.8940000000000001
956,0.005,3,0.9560000000000001
1023,0.005,3,1.0230000000000001
1093,0.005,3,1.0930000000000002
1169,0.005,3,1.169
1250,0.005,3,1.25
1337,0.005,3,1.3370000000000002
1430,0.005,3,1.43
1529,0.005,3,1.5290000000000001
1635,0.005,3,1.635
1749,0.005,3,1.749
1870,0.005,4,1.87
2000,0.005,4,2.0
2138,0.005,4,2.1380000000000003
2287,0.005,4,2.2870000000000004
2445,0.005,4,2.445
2615,0.005,4,2.615
2796,0.005,5,2.7960000000000003
2990,0.005,5,2.99
3198,0.005,5,3.1980000000000004
3420,0.005,5,3.42
3657,0.005,5,3.6570000000000005
3910,0.005,6,3.91
4182,0.005,6,4.182
4472,0.005,6,4.472
4782,0.005,7,4.782000000000001
5114,0.005,7,5.114000000000001
5468,0.005,7,5.468000000000001
5848,0.005,8,5.848000000000001
6253,0.005,8,6.253000000000001
6687,0.005,9,6.687
7151,0.005,9,7.151000000000001
7647,0.005,10,7.647
8177,0.005,10,8.177000000000001
8745,0.005,11,8.745000000000001
9351,0.005,11,9.351
10000,0.005,12,10.0
50,0.01,1,0.1
53,0.01,1,0.10600000000000001
57,0.01,1,0.114
61,0.01,1,0.12200000000000001
65,0.01,1,0.13
70,0.01,1,0.14
75,0.01,1,0.15
80,0.01,1,0.16
86,0.01,1,0.172
91,0.01,1,0.182
98,0.01,2,0.196
105,0.01,2,0.21
112,0.01,2,0.22400000000000003
120,0.01,2,0.24
128,0.01,2,0.256
137,0.01,2,0.274
146,0.01,2,0.29200000000000004
156,0.01,2,0.31200000000000006
167,0.01,2,0.334
179,0.01,2,0.35800000000000004
191,0.01,2,0.38200000000000006
204,0.01,2,0.40800000000000003
219,0.01,2,0.43800000000000006
234,0.01,2,0.468
250,0.01,2,0.5
267,0.01,2,0.534
286,0.01,2,0.5720000000000001
306,0.01,2,0.612
327,0.01,2,0.654
350,0.01,2,0.7000000000000001
374,0.01,2,0.748
400,0.01,2,0.8
428,0.01,2,0.8560000000000001
457,0.01,2,0.914
489,0.01,3,0.9780000000000001
523,0.01,3,1.046
559,0.01,3,1.118
598,0.01,3,1.1960000000000002
639,0.01,3,1.2780000000000002
684,0.01,3,1.368
731,0.01,3,1.4620000000000002
782,0.01,3,1.564
836,0.01,3,1.6720000000000002
894,0.01,3,1.7880000000000003
956,0.01,4,1.9120000000000001
1023,0.01,4,2.0460000000000003
1093,0.01,4,2.1860000000000004
1169,0.01,4,2.338
1250,0.01,4,2.5
1337,0.01,4,2.6740000000000004
1430,0.01,5,2.86
1529,0.01,5,3.0580000000000003
1635,0.01,5,3.27
1749,0.01,5,3.498
1870,0.01,6,3.74
2000,0.01,6,4.0
2138,0.01,6,4.276000000000001
2287,0.01,6,4.574000000000001
2445,0.01,7,4.89
2615,0.01,7,5.23
2796,0.01,7,5.5920000000000005
2990,0.01,8,5.98
3198,0.01,8,6.396000000000001
3420,0.01,9,6.84
3657,0.01,9,7.314000000000001
3910,0.01,10,7.82
4182,0.01,10,8.364
4472,0.01,11,8.944
4782,0.01,12,9.564000000000002
5114,0.01,12,10.228000000000002
5468,0.01,13,10.936000000000002
5848,0.01,14,11.696000000000002
6253,0.01,15,12.506000000000002
6687,0.01,15,13.374
7151,0.01,16,14.302000000000001
7647,0.01,17,15.294
8177,0.01,18,16.354000000000003
8745,0.01,20,17.490000000000002
9351,0.01,21,18.702
10000,0.01,22,20.0
50,0.02,2,0.2
53,0.02,2,0.21200000000000002
57,0.02,2,0.228
61,0.02,2,0.24400000000000002
65,0.02,2,0.26
70,0.02,2,0.28
75,0.02,2,0.3
80,0.02,2,0.32
86,0.02,2,0.344
91,0.02,2,0.364
98,0.02,2,0.392
105,0.02,2,0.42
112,0.02,2,0.44800000000000006
120,0.02,2,0.48
128,0.02,2,0.512
137,0.02,2,0.548
146,0.02,2,0.5840000000000001
156,0.02,2,0.6240000000000001
167,0.02,2,0.668
179,0.02,2,0.7160000000000001
191,0.02,2,0.7640000000000001
204,0.02,2,0.8160000000000001
219,0.02,2,0.8760000000000001
234,0.02,2,0.936
250,0.02,3,1.0
267,0.02,3,1.068
286,0.02,3,1.1440000000000001
306,0.02,3,1.224
327,0.02,3,1.308
350,0.02,3,1.4000000000000001
374,0.02,3,1.496
400,0.02,3,1.6
428,0.02,3,1.7120000000000002
457,0.02,3,1.828
489,0.02,4,1.9560000000000002
523,0.02,4,2.092
559,0.02,4,2.236
598,0.02,4,2.3920000000000003
639,0.02,4,2.5560000000000005
684,0.02,4,2.736
731,0.02,5,2.9240000000000004
782,0.02,5,3.128
836,0.02,5,3.3440000000000003
894,0.02,5,3.5760000000000005
956,0.02,6,3.8240000000000003
1023,0.02,6,4.0920000000000005
1093,0.02,6,4.372000000000001
1169,0.02,6,4.676
1250,0.02,7,5.0
1337,0.02,7,5.348000000000001
1430,0.02,8,5.72
1529,0.02,8,6.1160000000000005
1635,0.02,8,6.54
1749,0.02,9,6.996
1870,0.02,9,7.48
2000,0.02,10,8.0
2138,0.02,10,8.552000000000001
2287,0.02,11,9.148000000000001
2445,0.02,12,9.78
2615,0.02,12,10.46
2796,0.02,13,11.184000000000001
2990,0.02,14,11.96
3198,0.02,15,12.792000000000002
3420,0.02,16,13.68
3657,0.02,17,14.628000000000002
3910,0.02,18,15.64
4182,0.02,19,16.728
4472,0.02,20,17.888
4782,0.02,21,19.128000000000004
5114,0.02,23,20.456000000000003
5468,0.02,24,21.872000000000003
5848,0.02,25,23.392000000000003
6253,0.02,27,25.012000000000004
6687,0.02,29,26.748
7151,0.02,31,28.604000000000003
7647,0.02,33,30.588
8177,0.02,35,32.708000000000006
8745,0.02,37,34.980000000000004
9351,0.02,40,37.404
10000,0.02,42,40.0
